artifact_index,artifact,artifact_id,admission_state,reason,candidate_rows,win_cells,loss_cells,tie_cells,team_points_cells,playoff_cells,receipt_run_id,source_run_id
0,research-mfl-classification-roster-bridge-shard-0-31663728938,9167300626,included_in_verified_cache_batch,source-backed candidate rows merged into receipt 31682677203,936,936,936,936,936,936,31682677203,31663728938
1,research-mfl-classification-roster-bridge-shard-100-31663728938,9168115801,included_in_verified_cache_batch,source-backed candidate rows merged into receipt 31682677203,332,332,332,332,332,332,31682677203,31663728938
2,research-mfl-classification-roster-bridge-shard-101-31663728938,9168118558,included_in_verified_cache_batch,source-backed candidate rows merged into receipt 31682677203,708,708,708,708,708,708,31682677203,31663728938
3,research-mfl-classification-roster-bridge-shard-102-31663728938,9168118889,included_in_verified_cache_batch,source-backed candidate rows merged into receipt 31682677203,263,263,263,263,263,263,31682677203,31663728938
4,research-mfl-classification-roster-bridge-shard-103-31663728938,9168145517,included_in_verified_cache_batch,source-backed candidate rows merged into receipt 31682677203,875,875,875,875,875,875,31682677203,31663728938
5,research-mfl-classification-roster-bridge-shard-104-31663728938,9168123166,included_in_verified_cache_batch,source-backed candidate rows merged into receipt 31682677203,1055,1055,1055,1055,1055,1055,31682677203,31663728938
6,research-mfl-classification-roster-bridge-shard-105-31663728938,9168146371,included_in_verified_cache_batch,source-backed candidate rows merged into receipt 31682677203,1211,1211,1211,1211,1211,1211,31682677203,31663728938
7,research-mfl-classification-roster-bridge-shard-106-31663728938,9168159687,included_in_verified_cache_batch,source-backed candidate rows merged into receipt 31682677203,1285,1285,1285,1285,1285,1285,31682677203,31663728938
8,research-mfl-classification-roster-bridge-shard-107-31663728938,9168166053,included_in_verified_cache_batch,source-backed candidate rows merged into receipt 31682677203,1399,1399,1399,1399,1399,1399,31682677203,31663728938
9,research-mfl-classification-roster-bridge-shard-108-31663728938,9168195836,included_in_verified_cache_batch,source-backed candidate rows merged into receipt 31682677203,1582,1582,1582,1582,1582,1582,31682677203,31663728938
10,research-mfl-classification-roster-bridge-shard-109-31663728938,9168176942,included_in_verified_cache_batch,source-backed candidate rows merged into receipt 31682677203,1350,1350,1350,1350,1350,1350,31682677203,31663728938
11,research-mfl-classification-roster-bridge-shard-110-31663728938,9168205256,included_in_verified_cache_batch,source-backed candidate rows merged into receipt 31682677203,1457,1457,1457,1457,1457,1457,31682677203,31663728938
,research-mfl-classification-roster-bridge-shard-111-31663728938,9168207548,source_diagnostic_only,archive lacks team_signals.parquet and player_bridge.parquet,0,0,0,0,0,0,31682677203,31663728938
12,research-mfl-classification-roster-bridge-shard-112-31663728938,9168225165,included_in_verified_cache_batch,source-backed candidate rows merged into receipt 31682677203,173,173,173,173,173,173,31682677203,31663728938
13,research-mfl-classification-roster-bridge-shard-113-31663728938,9168252180,included_in_verified_cache_batch,source-backed candidate rows merged into receipt 31682677203,1024,1024,1024,1024,1024,1024,31682677203,31663728938
14,research-mfl-classification-roster-bridge-shard-114-31663728938,9168254712,included_in_verified_cache_batch,source-backed candidate rows merged into receipt 31682677203,491,491,491,491,491,491,31682677203,31663728938
15,research-mfl-classification-roster-bridge-shard-115-31663728938,9168256730,included_in_verified_cache_batch,source-backed candidate rows merged into receipt 31682677203,632,632,632,632,632,632,31682677203,31663728938
16,research-mfl-classification-roster-bridge-shard-116-31663728938,9168283217,included_in_verified_cache_batch,source-backed candidate rows merged into receipt 31682677203,840,840,840,840,840,840,31682677203,31663728938
17,research-mfl-classification-roster-bridge-shard-117-31663728938,9168280432,included_in_verified_cache_batch,source-backed candidate rows merged into receipt 31682677203,1315,1315,1315,1315,1315,1315,31682677203,31663728938
18,research-mfl-classification-roster-bridge-shard-118-31663728938,9168307135,included_in_verified_cache_batch,source-backed candidate rows merged into receipt 31682677203,1383,1383,1383,1383,1383,1383,31682677203,31663728938
19,research-mfl-classification-roster-bridge-shard-119-31663728938,9168315481,included_in_verified_cache_batch,source-backed candidate rows merged into receipt 31682677203,3369,3334,3334,3369,3334,3369,31682677203,31663728938
20,research-mfl-classification-roster-bridge-shard-120-31663728938,9168320246,included_in_verified_cache_batch,source-backed candidate rows merged into receipt 31682677203,1482,1482,1482,1482,1482,1482,31682677203,31663728938
21,research-mfl-classification-roster-bridge-shard-121-31663728938,9168351696,included_in_verified_cache_batch,source-backed candidate rows merged into receipt 31682677203,637,637,637,637,637,637,31682677203,31663728938
22,research-mfl-classification-roster-bridge-shard-122-31663728938,9168333329,included_in_verified_cache_batch,source-backed candidate rows merged into receipt 31682677203,1122,1122,1122,1122,1122,1122,31682677203,31663728938
23,research-mfl-classification-roster-bridge-shard-123-31663728938,9168365882,included_in_verified_cache_batch,source-backed candidate rows merged into receipt 31682677203,778,778,778,778,778,778,31682677203,31663728938
24,research-mfl-classification-roster-bridge-shard-124-31663728938,9168400461,included_in_verified_cache_batch,source-backed candidate rows merged into receipt 31682677203,508,508,508,508,508,508,31682677203,31663728938
25,research-mfl-classification-roster-bridge-shard-125-31663728938,9168398509,included_in_verified_cache_batch,source-backed candidate rows merged into receipt 31682677203,2724,2724,2724,2724,2724,2724,31682677203,31663728938
26,research-mfl-classification-roster-bridge-shard-126-31663728938,9168403027,included_in_verified_cache_batch,source-backed candidate rows merged into receipt 31682677203,1659,1659,1659,1659,1659,1659,31682677203,31663728938
27,research-mfl-classification-roster-bridge-shard-127-31663728938,9168416501,included_in_verified_cache_batch,source-backed candidate rows merged into receipt 31682677203,350,350,350,350,350,350,31682677203,31663728938
28,research-mfl-classification-roster-bridge-shard-128-31663728938,9168447269,included_in_verified_cache_batch,source-backed candidate rows merged into receipt 31682677203,2042,2042,2042,2042,2042,2042,31682677203,31663728938
29,research-mfl-classification-roster-bridge-shard-129-31663728938,9168455714,included_in_verified_cache_batch,source-backed candidate rows merged into receipt 31682677203,1810,1810,1810,1810,1810,1810,31682677203,31663728938
30,research-mfl-classification-roster-bridge-shard-130-31663728938,9168460382,included_in_verified_cache_batch,source-backed candidate rows merged into receipt 31682677203,1149,1149,1149,1149,1149,1149,31682677203,31663728938
31,research-mfl-classification-roster-bridge-shard-131-31663728938,9168476213,included_in_verified_cache_batch,source-backed candidate rows merged into receipt 31682677203,959,959,959,959,959,959,31682677203,31663728938
32,research-mfl-classification-roster-bridge-shard-132-31663728938,9168505535,included_in_verified_cache_batch,source-backed candidate rows merged into receipt 31682677203,641,641,641,641,641,641,31682677203,31663728938
33,research-mfl-classification-roster-bridge-shard-133-31663728938,9168522039,included_in_verified_cache_batch,source-backed candidate rows merged into receipt 31682677203,1509,1509,1509,1509,1509,1509,31682677203,31663728938
34,research-mfl-classification-roster-bridge-shard-134-31663728938,9168553078,included_in_verified_cache_batch,source-backed candidate rows merged into receipt 31682677203,1689,1689,1689,1689,1689,1689,31682677203,31663728938
35,research-mfl-classification-roster-bridge-shard-135-31663728938,9168524800,included_in_verified_cache_batch,source-backed candidate rows merged into receipt 31682677203,1316,1316,1316,1316,1316,1316,31682677203,31663728938
36,research-mfl-classification-roster-bridge-shard-136-31663728938,9168519893,included_in_verified_cache_batch,source-backed candidate rows merged into receipt 31682677203,3164,3164,3164,3164,3164,3164,31682677203,31663728938
37,research-mfl-classification-roster-bridge-shard-137-31663728938,9168526155,included_in_verified_cache_batch,source-backed candidate rows merged into receipt 31682677203,364,364,364,364,364,364,31682677203,31663728938
38,research-mfl-classification-roster-bridge-shard-138-31663728938,9168579209,included_in_verified_cache_batch,source-backed candidate rows merged into receipt 31682677203,1478,1478,1478,1478,1478,1478,31682677203,31663728938
,research-mfl-classification-roster-bridge-shard-139-31663728938,9168553934,source_diagnostic_only,archive lacks team_signals.parquet and player_bridge.parquet,0,0,0,0,0,0,31682677203,31663728938
39,research-mfl-classification-roster-bridge-shard-140-31663728938,9168579930,included_in_verified_cache_batch,source-backed candidate rows merged into receipt 31682677203,1598,1598,1598,1598,1598,1598,31682677203,31663728938
40,research-mfl-classification-roster-bridge-shard-141-31663728938,9168581229,included_in_verified_cache_batch,source-backed candidate rows merged into receipt 31682677203,949,949,949,949,949,949,31682677203,31663728938
41,research-mfl-classification-roster-bridge-shard-142-31663728938,9168613102,included_in_verified_cache_batch,source-backed candidate rows merged into receipt 31682677203,1004,1004,1004,1004,1004,1004,31682677203,31663728938
42,research-mfl-classification-roster-bridge-shard-143-31663728938,9168649646,included_in_verified_cache_batch,source-backed candidate rows merged into receipt 31682677203,913,913,913,913,913,913,31682677203,31663728938
43,research-mfl-classification-roster-bridge-shard-144-31663728938,9168639125,included_in_verified_cache_batch,source-backed candidate rows merged into receipt 31682677203,1119,1119,1119,1119,1119,1119,31682677203,31663728938
44,research-mfl-classification-roster-bridge-shard-145-31663728938,9168637109,included_in_verified_cache_batch,source-backed candidate rows merged into receipt 31682677203,1965,1965,1965,1965,1965,1965,31682677203,31663728938
45,research-mfl-classification-roster-bridge-shard-146-31663728938,9168661859,included_in_verified_cache_batch,source-backed candidate rows merged into receipt 31682677203,783,783,783,783,783,783,31682677203,31663728938
46,research-mfl-classification-roster-bridge-shard-147-31663728938,9168667882,included_in_verified_cache_batch,source-backed candidate rows merged into receipt 31682677203,1199,1199,1199,1199,1199,1199,31682677203,31663728938
47,research-mfl-classification-roster-bridge-shard-148-31663728938,9168706526,included_in_verified_cache_batch,source-backed candidate rows merged into receipt 31682677203,730,730,730,730,730,730,31682677203,31663728938
48,research-mfl-classification-roster-bridge-shard-149-31663728938,9168704065,included_in_verified_cache_batch,source-backed candidate rows merged into receipt 31682677203,928,928,928,928,928,928,31682677203,31663728938
49,research-mfl-classification-roster-bridge-shard-150-31663728938,9168729670,included_in_verified_cache_batch,source-backed candidate rows merged into receipt 31682677203,1020,1020,1020,1020,1020,1020,31682677203,31663728938
50,research-mfl-classification-roster-bridge-shard-151-31663728938,9168706445,included_in_verified_cache_batch,source-backed candidate rows merged into receipt 31682677203,994,994,994,994,994,994,31682677203,31663728938
51,research-mfl-classification-roster-bridge-shard-152-31663728938,9168728452,included_in_verified_cache_batch,source-backed candidate rows merged into receipt 31682677203,2148,2148,2148,2148,2148,2148,31682677203,31663728938
52,research-mfl-classification-roster-bridge-shard-153-31663728938,9168717606,included_in_verified_cache_batch,source-backed candidate rows merged into receipt 31682677203,442,442,442,442,442,442,31682677203,31663728938
53,research-mfl-classification-roster-bridge-shard-154-31663728938,9168729551,included_in_verified_cache_batch,source-backed candidate rows merged into receipt 31682677203,468,468,468,468,468,468,31682677203,31663728938
54,research-mfl-classification-roster-bridge-shard-155-31663728938,9168774109,included_in_verified_cache_batch,source-backed candidate rows merged into receipt 31682677203,1881,1881,1881,1881,1881,1881,31682677203,31663728938
,research-mfl-classification-roster-bridge-shard-156-31663728938,,explicitly_excluded_no_candidate,cancelled before recovery output,0,0,0,0,0,0,31682677203,31663728938
55,research-mfl-classification-roster-bridge-shard-157-31663728938,9168755472,included_in_verified_cache_batch,source-backed candidate rows merged into receipt 31682677203,1243,1243,1243,1243,1243,1243,31682677203,31663728938
56,research-mfl-classification-roster-bridge-shard-158-31663728938,9168760475,included_in_verified_cache_batch,source-backed candidate rows merged into receipt 31682677203,488,488,488,488,488,488,31682677203,31663728938
57,research-mfl-classification-roster-bridge-shard-159-31663728938,9168800865,included_in_verified_cache_batch,source-backed candidate rows merged into receipt 31682677203,1295,1295,1295,1295,1295,1295,31682677203,31663728938
58,research-mfl-classification-roster-bridge-shard-160-31663728938,9168784469,included_in_verified_cache_batch,source-backed candidate rows merged into receipt 31682677203,625,625,625,625,625,625,31682677203,31663728938
59,research-mfl-classification-roster-bridge-shard-161-31663728938,9168823340,included_in_verified_cache_batch,source-backed candidate rows merged into receipt 31682677203,1526,1526,1526,1526,1526,1526,31682677203,31663728938
60,research-mfl-classification-roster-bridge-shard-162-31663728938,9168832477,included_in_verified_cache_batch,source-backed candidate rows merged into receipt 31682677203,472,472,472,472,472,472,31682677203,31663728938
61,research-mfl-classification-roster-bridge-shard-163-31663728938,9168880267,included_in_verified_cache_batch,source-backed candidate rows merged into receipt 31682677203,888,888,888,888,888,888,31682677203,31663728938
62,research-mfl-classification-roster-bridge-shard-164-31663728938,9168926996,included_in_verified_cache_batch,source-backed candidate rows merged into receipt 31682677203,1701,1701,1701,1701,1701,1701,31682677203,31663728938
63,research-mfl-classification-roster-bridge-shard-165-31663728938,9168921306,included_in_verified_cache_batch,source-backed candidate rows merged into receipt 31682677203,695,695,695,695,695,695,31682677203,31663728938
64,research-mfl-classification-roster-bridge-shard-166-31663728938,9168944882,included_in_verified_cache_batch,source-backed candidate rows merged into receipt 31682677203,872,872,872,872,872,872,31682677203,31663728938
65,research-mfl-classification-roster-bridge-shard-167-31663728938,9168984613,included_in_verified_cache_batch,source-backed candidate rows merged into receipt 31682677203,1250,1250,1250,1250,1250,1250,31682677203,31663728938
66,research-mfl-classification-roster-bridge-shard-168-31663728938,9168998828,included_in_verified_cache_batch,source-backed candidate rows merged into receipt 31682677203,427,427,427,427,427,427,31682677203,31663728938
67,research-mfl-classification-roster-bridge-shard-169-31663728938,9169015784,included_in_verified_cache_batch,source-backed candidate rows merged into receipt 31682677203,1061,1061,1061,1061,1061,1061,31682677203,31663728938
68,research-mfl-classification-roster-bridge-shard-170-31663728938,9169039981,included_in_verified_cache_batch,source-backed candidate rows merged into receipt 31682677203,1058,1058,1058,1058,1058,1058,31682677203,31663728938
69,research-mfl-classification-roster-bridge-shard-171-31663728938,9169057020,included_in_verified_cache_batch,source-backed candidate rows merged into receipt 31682677203,585,585,585,585,585,585,31682677203,31663728938
70,research-mfl-classification-roster-bridge-shard-172-31663728938,9169073323,included_in_verified_cache_batch,source-backed candidate rows merged into receipt 31682677203,928,928,928,928,928,928,31682677203,31663728938
71,research-mfl-classification-roster-bridge-shard-173-31663728938,9169074176,included_in_verified_cache_batch,source-backed candidate rows merged into receipt 31682677203,1386,1386,1386,1386,1386,1386,31682677203,31663728938
72,research-mfl-classification-roster-bridge-shard-174-31663728938,9169092432,included_in_verified_cache_batch,source-backed candidate rows merged into receipt 31682677203,1585,1585,1585,1585,1585,1585,31682677203,31663728938
73,research-mfl-classification-roster-bridge-shard-175-31663728938,9169105602,included_in_verified_cache_batch,source-backed candidate rows merged into receipt 31682677203,236,236,236,236,236,236,31682677203,31663728938
74,research-mfl-classification-roster-bridge-shard-176-31663728938,9169133289,included_in_verified_cache_batch,source-backed candidate rows merged into receipt 31682677203,967,967,967,967,967,967,31682677203,31663728938
75,research-mfl-classification-roster-bridge-shard-177-31663728938,9169147992,included_in_verified_cache_batch,source-backed candidate rows merged into receipt 31682677203,463,463,463,463,463,463,31682677203,31663728938
76,research-mfl-classification-roster-bridge-shard-178-31663728938,9169138434,included_in_verified_cache_batch,source-backed candidate rows merged into receipt 31682677203,2376,2344,2344,2376,2344,2376,31682677203,31663728938
77,research-mfl-classification-roster-bridge-shard-179-31663728938,9169142884,included_in_verified_cache_batch,source-backed candidate rows merged into receipt 31682677203,2179,2179,2179,2179,2179,2179,31682677203,31663728938
78,research-mfl-classification-roster-bridge-shard-180-31663728938,9169142521,included_in_verified_cache_batch,source-backed candidate rows merged into receipt 31682677203,1632,1632,1632,1632,1632,1632,31682677203,31663728938
79,research-mfl-classification-roster-bridge-shard-181-31663728938,9169183638,included_in_verified_cache_batch,source-backed candidate rows merged into receipt 31682677203,143,143,143,143,143,143,31682677203,31663728938
80,research-mfl-classification-roster-bridge-shard-182-31663728938,9169202013,included_in_verified_cache_batch,source-backed candidate rows merged into receipt 31682677203,805,805,805,805,805,805,31682677203,31663728938
81,research-mfl-classification-roster-bridge-shard-183-31663728938,9169193035,included_in_verified_cache_batch,source-backed candidate rows merged into receipt 31682677203,1037,1037,1037,1037,1037,1037,31682677203,31663728938
82,research-mfl-classification-roster-bridge-shard-184-31663728938,9169203030,included_in_verified_cache_batch,source-backed candidate rows merged into receipt 31682677203,1020,1007,1007,1007,1020,1007,31682677203,31663728938
83,research-mfl-classification-roster-bridge-shard-185-31663728938,9169208154,included_in_verified_cache_batch,source-backed candidate rows merged into receipt 31682677203,872,872,872,872,872,872,31682677203,31663728938
84,research-mfl-classification-roster-bridge-shard-186-31663728938,9169232740,included_in_verified_cache_batch,source-backed candidate rows merged into receipt 31682677203,571,571,571,571,571,571,31682677203,31663728938
85,research-mfl-classification-roster-bridge-shard-187-31663728938,9169257900,included_in_verified_cache_batch,source-backed candidate rows merged into receipt 31682677203,1132,1132,1132,1132,1132,1132,31682677203,31663728938
86,research-mfl-classification-roster-bridge-shard-188-31663728938,9169275363,included_in_verified_cache_batch,source-backed candidate rows merged into receipt 31682677203,2046,2046,2046,2046,2046,2046,31682677203,31663728938
87,research-mfl-classification-roster-bridge-shard-189-31663728938,9169297975,included_in_verified_cache_batch,source-backed candidate rows merged into receipt 31682677203,1962,1962,1962,1962,1962,1962,31682677203,31663728938
88,research-mfl-classification-roster-bridge-shard-19-31663728938,9167251424,included_in_verified_cache_batch,source-backed candidate rows merged into receipt 31682677203,1075,1075,1075,1075,1075,1075,31682677203,31663728938
,research-mfl-classification-roster-bridge-shard-190-31663728938,,explicitly_excluded_no_candidate,cache restore failure before recovery,0,0,0,0,0,0,31682677203,31663728938
,research-mfl-classification-roster-bridge-shard-191-31663728938,,explicitly_excluded_no_candidate,cache restore failure before recovery,0,0,0,0,0,0,31682677203,31663728938
,research-mfl-classification-roster-bridge-shard-192-31663728938,,explicitly_excluded_no_candidate,cache restore failure before recovery,0,0,0,0,0,0,31682677203,31663728938
,research-mfl-classification-roster-bridge-shard-193-31663728938,,explicitly_excluded_no_candidate,cache restore failure before recovery,0,0,0,0,0,0,31682677203,31663728938
,research-mfl-classification-roster-bridge-shard-194-31663728938,,explicitly_excluded_no_candidate,cache restore failure before recovery,0,0,0,0,0,0,31682677203,31663728938
,research-mfl-classification-roster-bridge-shard-195-31663728938,,explicitly_excluded_no_candidate,cache restore failure before recovery,0,0,0,0,0,0,31682677203,31663728938
89,research-mfl-classification-roster-bridge-shard-196-31663728938,9169351387,included_in_verified_cache_batch,source-backed candidate rows merged into receipt 31682677203,996,996,996,996,996,996,31682677203,31663728938
90,research-mfl-classification-roster-bridge-shard-197-31663728938,9169361481,included_in_verified_cache_batch,source-backed candidate rows merged into receipt 31682677203,1646,1646,1646,1646,1646,1646,31682677203,31663728938
91,research-mfl-classification-roster-bridge-shard-198-31663728938,9169354519,included_in_verified_cache_batch,source-backed candidate rows merged into receipt 31682677203,334,334,334,334,334,334,31682677203,31663728938
92,research-mfl-classification-roster-bridge-shard-199-31663728938,9169383695,included_in_verified_cache_batch,source-backed candidate rows merged into receipt 31682677203,1066,1066,1066,1066,1066,1066,31682677203,31663728938
93,research-mfl-classification-roster-bridge-shard-2-31663728938,9167198306,included_in_verified_cache_batch,source-backed candidate rows merged into receipt 31682677203,1467,1454,1454,1454,1467,1454,31682677203,31663728938
94,research-mfl-classification-roster-bridge-shard-200-31663728938,9169424025,included_in_verified_cache_batch,source-backed candidate rows merged into receipt 31682677203,1824,1824,1824,1824,1824,1824,31682677203,31663728938
95,research-mfl-classification-roster-bridge-shard-201-31663728938,9169456370,included_in_verified_cache_batch,source-backed candidate rows merged into receipt 31682677203,2451,2451,2451,2451,2451,2451,31682677203,31663728938
96,research-mfl-classification-roster-bridge-shard-202-31663728938,9169442568,included_in_verified_cache_batch,source-backed candidate rows merged into receipt 31682677203,774,774,774,774,774,774,31682677203,31663728938
97,research-mfl-classification-roster-bridge-shard-203-31663728938,9169451924,included_in_verified_cache_batch,source-backed candidate rows merged into receipt 31682677203,629,629,629,629,629,629,31682677203,31663728938
98,research-mfl-classification-roster-bridge-shard-204-31663728938,9169474100,included_in_verified_cache_batch,source-backed candidate rows merged into receipt 31682677203,1448,1448,1448,1448,1448,1448,31682677203,31663728938
99,research-mfl-classification-roster-bridge-shard-205-31663728938,9169499636,included_in_verified_cache_batch,source-backed candidate rows merged into receipt 31682677203,395,382,382,382,395,382,31682677203,31663728938
100,research-mfl-classification-roster-bridge-shard-206-31663728938,9169529973,included_in_verified_cache_batch,source-backed candidate rows merged into receipt 31682677203,911,911,911,911,911,911,31682677203,31663728938
101,research-mfl-classification-roster-bridge-shard-207-31663728938,9169527899,included_in_verified_cache_batch,source-backed candidate rows merged into receipt 31682677203,834,834,834,834,834,834,31682677203,31663728938
102,research-mfl-classification-roster-bridge-shard-208-31663728938,9169630571,included_in_verified_cache_batch,source-backed candidate rows merged into receipt 31682677203,1533,1533,1533,1533,1533,1533,31682677203,31663728938
103,research-mfl-classification-roster-bridge-shard-209-31663728938,9169670036,included_in_verified_cache_batch,source-backed candidate rows merged into receipt 31682677203,1600,1600,1600,1600,1600,1600,31682677203,31663728938
104,research-mfl-classification-roster-bridge-shard-210-31663728938,9169671949,included_in_verified_cache_batch,source-backed candidate rows merged into receipt 31682677203,1053,1053,1053,1053,1053,1053,31682677203,31663728938
105,research-mfl-classification-roster-bridge-shard-211-31663728938,9169701846,included_in_verified_cache_batch,source-backed candidate rows merged into receipt 31682677203,1942,1942,1942,1942,1942,1942,31682677203,31663728938
106,research-mfl-classification-roster-bridge-shard-212-31663728938,9169708740,included_in_verified_cache_batch,source-backed candidate rows merged into receipt 31682677203,473,473,473,473,473,473,31682677203,31663728938
107,research-mfl-classification-roster-bridge-shard-213-31663728938,9169747053,included_in_verified_cache_batch,source-backed candidate rows merged into receipt 31682677203,685,685,685,685,685,685,31682677203,31663728938
108,research-mfl-classification-roster-bridge-shard-214-31663728938,9169734869,included_in_verified_cache_batch,source-backed candidate rows merged into receipt 31682677203,760,760,760,760,760,760,31682677203,31663728938
109,research-mfl-classification-roster-bridge-shard-215-31663728938,9169728872,included_in_verified_cache_batch,source-backed candidate rows merged into receipt 31682677203,1314,1314,1314,1314,1314,1314,31682677203,31663728938
110,research-mfl-classification-roster-bridge-shard-216-31663728938,9169776689,included_in_verified_cache_batch,source-backed candidate rows merged into receipt 31682677203,1158,1145,1145,1145,1158,1145,31682677203,31663728938
111,research-mfl-classification-roster-bridge-shard-217-31663728938,9169766016,included_in_verified_cache_batch,source-backed candidate rows merged into receipt 31682677203,594,594,594,594,594,594,31682677203,31663728938
112,research-mfl-classification-roster-bridge-shard-218-31663728938,9169784803,included_in_verified_cache_batch,source-backed candidate rows merged into receipt 31682677203,1057,1057,1057,1057,1057,1057,31682677203,31663728938
113,research-mfl-classification-roster-bridge-shard-219-31663728938,9169814192,included_in_verified_cache_batch,source-backed candidate rows merged into receipt 31682677203,1192,1192,1192,1192,1192,1192,31682677203,31663728938
114,research-mfl-classification-roster-bridge-shard-220-31663728938,9169826775,included_in_verified_cache_batch,source-backed candidate rows merged into receipt 31682677203,1324,1324,1324,1324,1324,1324,31682677203,31663728938
115,research-mfl-classification-roster-bridge-shard-221-31663728938,9169840438,included_in_verified_cache_batch,source-backed candidate rows merged into receipt 31682677203,1066,1052,1052,1052,1066,1052,31682677203,31663728938
116,research-mfl-classification-roster-bridge-shard-222-31663728938,9169819542,admitted_no_promotable_delta,bridge artifact admitted but emitted no candidate row after exact cache comparison,0,0,0,0,0,0,31682677203,31663728938
117,research-mfl-classification-roster-bridge-shard-223-31663728938,9169875892,included_in_verified_cache_batch,source-backed candidate rows merged into receipt 31682677203,1937,1937,1937,1937,1937,1937,31682677203,31663728938
118,research-mfl-classification-roster-bridge-shard-224-31663728938,9169851979,included_in_verified_cache_batch,source-backed candidate rows merged into receipt 31682677203,448,448,448,448,448,448,31682677203,31663728938
119,research-mfl-classification-roster-bridge-shard-225-31663728938,9169911340,included_in_verified_cache_batch,source-backed candidate rows merged into receipt 31682677203,1129,1129,1129,1129,1129,1129,31682677203,31663728938
120,research-mfl-classification-roster-bridge-shard-226-31663728938,9169878531,included_in_verified_cache_batch,source-backed candidate rows merged into receipt 31682677203,368,368,368,368,368,368,31682677203,31663728938
121,research-mfl-classification-roster-bridge-shard-227-31663728938,9169909192,included_in_verified_cache_batch,source-backed candidate rows merged into receipt 31682677203,1377,1377,1377,1377,1377,1377,31682677203,31663728938
122,research-mfl-classification-roster-bridge-shard-228-31663728938,9169906248,included_in_verified_cache_batch,source-backed candidate rows merged into receipt 31682677203,2687,2687,2687,2687,2652,2687,31682677203,31663728938
123,research-mfl-classification-roster-bridge-shard-229-31663728938,9169936306,included_in_verified_cache_batch,source-backed candidate rows merged into receipt 31682677203,1650,1650,1650,1650,1650,1650,31682677203,31663728938
124,research-mfl-classification-roster-bridge-shard-23-31663728938,9167328177,included_in_verified_cache_batch,source-backed candidate rows merged into receipt 31682677203,1174,1174,1174,1174,1174,1174,31682677203,31663728938
125,research-mfl-classification-roster-bridge-shard-230-31663728938,9169944580,included_in_verified_cache_batch,source-backed candidate rows merged into receipt 31682677203,2699,2699,2699,2699,2699,2699,31682677203,31663728938
126,research-mfl-classification-roster-bridge-shard-231-31663728938,9169967906,included_in_verified_cache_batch,source-backed candidate rows merged into receipt 31682677203,693,693,693,693,693,693,31682677203,31663728938
127,research-mfl-classification-roster-bridge-shard-232-31663728938,9170043199,included_in_verified_cache_batch,source-backed candidate rows merged into receipt 31682677203,649,649,649,649,649,649,31682677203,31663728938
128,research-mfl-classification-roster-bridge-shard-233-31663728938,9170023752,included_in_verified_cache_batch,source-backed candidate rows merged into receipt 31682677203,1179,1179,1179,1179,1152,1179,31682677203,31663728938
129,research-mfl-classification-roster-bridge-shard-234-31663728938,9170072224,included_in_verified_cache_batch,source-backed candidate rows merged into receipt 31682677203,1239,1239,1239,1239,1239,1239,31682677203,31663728938
130,research-mfl-classification-roster-bridge-shard-235-31663728938,9170062378,included_in_verified_cache_batch,source-backed candidate rows merged into receipt 31682677203,1287,1287,1287,1287,1287,1287,31682677203,31663728938
131,research-mfl-classification-roster-bridge-shard-236-31663728938,9170083072,included_in_verified_cache_batch,source-backed candidate rows merged into receipt 31682677203,760,760,760,760,760,760,31682677203,31663728938
132,research-mfl-classification-roster-bridge-shard-237-31663728938,9170117819,included_in_verified_cache_batch,source-backed candidate rows merged into receipt 31682677203,2896,2861,2861,2896,2861,2896,31682677203,31663728938
133,research-mfl-classification-roster-bridge-shard-238-31663728938,9170130356,included_in_verified_cache_batch,source-backed candidate rows merged into receipt 31682677203,321,321,321,321,321,321,31682677203,31663728938
134,research-mfl-classification-roster-bridge-shard-239-31663728938,9170198206,included_in_verified_cache_batch,source-backed candidate rows merged into receipt 31682677203,1736,1736,1736,1736,1736,1736,31682677203,31663728938
135,research-mfl-classification-roster-bridge-shard-240-31663728938,9170178753,included_in_verified_cache_batch,source-backed candidate rows merged into receipt 31682677203,1054,1054,1054,1054,1054,1054,31682677203,31663728938
136,research-mfl-classification-roster-bridge-shard-241-31663728938,9170245545,included_in_verified_cache_batch,source-backed candidate rows merged into receipt 31682677203,910,910,910,910,910,910,31682677203,31663728938
137,research-mfl-classification-roster-bridge-shard-242-31663728938,9170197156,included_in_verified_cache_batch,source-backed candidate rows merged into receipt 31682677203,1737,1737,1737,1737,1737,1737,31682677203,31663728938
138,research-mfl-classification-roster-bridge-shard-243-31663728938,9170230906,included_in_verified_cache_batch,source-backed candidate rows merged into receipt 31682677203,556,556,556,556,556,556,31682677203,31663728938
139,research-mfl-classification-roster-bridge-shard-244-31663728938,9170271870,included_in_verified_cache_batch,source-backed candidate rows merged into receipt 31682677203,1100,1100,1100,1100,1100,1100,31682677203,31663728938
140,research-mfl-classification-roster-bridge-shard-245-31663728938,9170273103,included_in_verified_cache_batch,source-backed candidate rows merged into receipt 31682677203,925,925,925,925,925,925,31682677203,31663728938
141,research-mfl-classification-roster-bridge-shard-246-31663728938,9170291951,included_in_verified_cache_batch,source-backed candidate rows merged into receipt 31682677203,849,849,849,849,849,849,31682677203,31663728938
142,research-mfl-classification-roster-bridge-shard-247-31663728938,9170299830,included_in_verified_cache_batch,source-backed candidate rows merged into receipt 31682677203,1176,1176,1176,1176,1176,1176,31682677203,31663728938
143,research-mfl-classification-roster-bridge-shard-248-31663728938,9170316267,included_in_verified_cache_batch,source-backed candidate rows merged into receipt 31682677203,1407,1407,1407,1407,1407,1407,31682677203,31663728938
144,research-mfl-classification-roster-bridge-shard-249-31663728938,9170320177,included_in_verified_cache_batch,source-backed candidate rows merged into receipt 31682677203,1083,1083,1083,1083,1083,1083,31682677203,31663728938
145,research-mfl-classification-roster-bridge-shard-250-31663728938,9170337891,included_in_verified_cache_batch,source-backed candidate rows merged into receipt 31682677203,2954,2954,2954,2954,2954,2954,31682677203,31663728938
146,research-mfl-classification-roster-bridge-shard-251-31663728938,9170348802,included_in_verified_cache_batch,source-backed candidate rows merged into receipt 31682677203,1834,1834,1834,1834,1834,1834,31682677203,31663728938
147,research-mfl-classification-roster-bridge-shard-252-31663728938,9170368825,included_in_verified_cache_batch,source-backed candidate rows merged into receipt 31682677203,2544,2544,2544,2544,2544,2544,31682677203,31663728938
148,research-mfl-classification-roster-bridge-shard-253-31663728938,9170410561,included_in_verified_cache_batch,source-backed candidate rows merged into receipt 31682677203,638,638,638,638,638,638,31682677203,31663728938
149,research-mfl-classification-roster-bridge-shard-254-31663728938,9170363064,included_in_verified_cache_batch,source-backed candidate rows merged into receipt 31682677203,2362,2362,2362,2362,2362,2362,31682677203,31663728938
150,research-mfl-classification-roster-bridge-shard-255-31663728938,9170414706,included_in_verified_cache_batch,source-backed candidate rows merged into receipt 31682677203,890,877,877,877,890,877,31682677203,31663728938
151,research-mfl-classification-roster-bridge-shard-29-31663728938,9167187536,included_in_verified_cache_batch,source-backed candidate rows merged into receipt 31682677203,1143,1143,1143,1143,1143,1143,31682677203,31663728938
152,research-mfl-classification-roster-bridge-shard-30-31663728938,9167186770,included_in_verified_cache_batch,source-backed candidate rows merged into receipt 31682677203,1094,1094,1094,1094,1094,1094,31682677203,31663728938
,research-mfl-classification-roster-bridge-shard-32-31663728938,,explicitly_excluded_no_candidate,cancelled before recovery output,0,0,0,0,0,0,31682677203,31663728938
153,research-mfl-classification-roster-bridge-shard-33-31663728938,9167260165,included_in_verified_cache_batch,source-backed candidate rows merged into receipt 31682677203,491,491,491,491,491,491,31682677203,31663728938
154,research-mfl-classification-roster-bridge-shard-34-31663728938,9167330857,included_in_verified_cache_batch,source-backed candidate rows merged into receipt 31682677203,355,355,355,355,355,355,31682677203,31663728938
155,research-mfl-classification-roster-bridge-shard-35-31663728938,9167309315,included_in_verified_cache_batch,source-backed candidate rows merged into receipt 31682677203,1046,1046,1046,1046,1046,1046,31682677203,31663728938
156,research-mfl-classification-roster-bridge-shard-36-31663728938,9167330887,included_in_verified_cache_batch,source-backed candidate rows merged into receipt 31682677203,1062,1062,1062,1062,1062,1062,31682677203,31663728938
157,research-mfl-classification-roster-bridge-shard-37-31663728938,9167283631,included_in_verified_cache_batch,source-backed candidate rows merged into receipt 31682677203,2117,2117,2117,2117,2117,2117,31682677203,31663728938
158,research-mfl-classification-roster-bridge-shard-38-31663728938,9167244428,included_in_verified_cache_batch,source-backed candidate rows merged into receipt 31682677203,693,693,693,693,693,693,31682677203,31663728938
159,research-mfl-classification-roster-bridge-shard-39-31663728938,9167244090,included_in_verified_cache_batch,source-backed candidate rows merged into receipt 31682677203,1087,1087,1087,1087,1087,1087,31682677203,31663728938
160,research-mfl-classification-roster-bridge-shard-40-31663728938,9167382756,included_in_verified_cache_batch,source-backed candidate rows merged into receipt 31682677203,351,351,351,351,351,351,31682677203,31663728938
161,research-mfl-classification-roster-bridge-shard-41-31663728938,9167380989,included_in_verified_cache_batch,source-backed candidate rows merged into receipt 31682677203,586,586,586,586,586,586,31682677203,31663728938
162,research-mfl-classification-roster-bridge-shard-42-31663728938,9167400817,included_in_verified_cache_batch,source-backed candidate rows merged into receipt 31682677203,321,321,321,321,321,321,31682677203,31663728938
163,research-mfl-classification-roster-bridge-shard-43-31663728938,9167407811,included_in_verified_cache_batch,source-backed candidate rows merged into receipt 31682677203,472,472,472,472,472,472,31682677203,31663728938
164,research-mfl-classification-roster-bridge-shard-44-31663728938,9167423296,included_in_verified_cache_batch,source-backed candidate rows merged into receipt 31682677203,235,235,235,235,235,235,31682677203,31663728938
165,research-mfl-classification-roster-bridge-shard-45-31663728938,9167439276,included_in_verified_cache_batch,source-backed candidate rows merged into receipt 31682677203,2162,2162,2162,2162,2162,2162,31682677203,31663728938
166,research-mfl-classification-roster-bridge-shard-46-31663728938,9167432015,included_in_verified_cache_batch,source-backed candidate rows merged into receipt 31682677203,1009,1009,1009,1009,1009,1009,31682677203,31663728938
167,research-mfl-classification-roster-bridge-shard-47-31663728938,9167484773,included_in_verified_cache_batch,source-backed candidate rows merged into receipt 31682677203,1941,1941,1941,1941,1941,1941,31682677203,31663728938
168,research-mfl-classification-roster-bridge-shard-48-31663728938,9167455553,included_in_verified_cache_batch,source-backed candidate rows merged into receipt 31682677203,719,719,719,719,719,719,31682677203,31663728938
169,research-mfl-classification-roster-bridge-shard-49-31663728938,9167496730,included_in_verified_cache_batch,source-backed candidate rows merged into receipt 31682677203,1932,1932,1932,1932,1932,1932,31682677203,31663728938
170,research-mfl-classification-roster-bridge-shard-50-31663728938,9167492202,included_in_verified_cache_batch,source-backed candidate rows merged into receipt 31682677203,1771,1771,1771,1771,1771,1771,31682677203,31663728938
171,research-mfl-classification-roster-bridge-shard-51-31663728938,9167509862,included_in_verified_cache_batch,source-backed candidate rows merged into receipt 31682677203,969,969,969,969,969,969,31682677203,31663728938
172,research-mfl-classification-roster-bridge-shard-52-31663728938,9167527400,included_in_verified_cache_batch,source-backed candidate rows merged into receipt 31682677203,2204,2204,2204,2204,2169,2204,31682677203,31663728938
173,research-mfl-classification-roster-bridge-shard-53-31663728938,9167515169,included_in_verified_cache_batch,source-backed candidate rows merged into receipt 31682677203,1967,1967,1967,1967,1967,1967,31682677203,31663728938
174,research-mfl-classification-roster-bridge-shard-54-31663728938,9167520324,included_in_verified_cache_batch,source-backed candidate rows merged into receipt 31682677203,1750,1750,1750,1750,1750,1750,31682677203,31663728938
175,research-mfl-classification-roster-bridge-shard-55-31663728938,9167529964,included_in_verified_cache_batch,source-backed candidate rows merged into receipt 31682677203,1374,1374,1374,1374,1374,1374,31682677203,31663728938
176,research-mfl-classification-roster-bridge-shard-56-31663728938,9167538113,included_in_verified_cache_batch,source-backed candidate rows merged into receipt 31682677203,1101,1101,1101,1101,1101,1101,31682677203,31663728938
177,research-mfl-classification-roster-bridge-shard-57-31663728938,9167542014,included_in_verified_cache_batch,source-backed candidate rows merged into receipt 31682677203,1214,1214,1214,1214,1214,1214,31682677203,31663728938
178,research-mfl-classification-roster-bridge-shard-58-31663728938,9167572647,included_in_verified_cache_batch,source-backed candidate rows merged into receipt 31682677203,1494,1494,1494,1494,1494,1494,31682677203,31663728938
179,research-mfl-classification-roster-bridge-shard-59-31663728938,9167546545,included_in_verified_cache_batch,source-backed candidate rows merged into receipt 31682677203,1406,1406,1406,1406,1406,1406,31682677203,31663728938
180,research-mfl-classification-roster-bridge-shard-60-31663728938,9167562362,included_in_verified_cache_batch,source-backed candidate rows merged into receipt 31682677203,517,517,517,517,517,517,31682677203,31663728938
181,research-mfl-classification-roster-bridge-shard-61-31663728938,9167570818,included_in_verified_cache_batch,source-backed candidate rows merged into receipt 31682677203,1061,1061,1061,1061,1061,1061,31682677203,31663728938
182,research-mfl-classification-roster-bridge-shard-62-31663728938,9167584989,included_in_verified_cache_batch,source-backed candidate rows merged into receipt 31682677203,1413,1413,1413,1413,1413,1413,31682677203,31663728938
183,research-mfl-classification-roster-bridge-shard-63-31663728938,9167618903,included_in_verified_cache_batch,source-backed candidate rows merged into receipt 31682677203,404,404,404,404,404,404,31682677203,31663728938
184,research-mfl-classification-roster-bridge-shard-64-31663728938,9167604015,included_in_verified_cache_batch,source-backed candidate rows merged into receipt 31682677203,1325,1325,1325,1325,1325,1325,31682677203,31663728938
185,research-mfl-classification-roster-bridge-shard-65-31663728938,9167631660,included_in_verified_cache_batch,source-backed candidate rows merged into receipt 31682677203,1908,1908,1908,1908,1908,1908,31682677203,31663728938
186,research-mfl-classification-roster-bridge-shard-66-31663728938,9167625581,included_in_verified_cache_batch,source-backed candidate rows merged into receipt 31682677203,1450,1415,1415,1450,1415,1450,31682677203,31663728938
187,research-mfl-classification-roster-bridge-shard-67-31663728938,9167661735,included_in_verified_cache_batch,source-backed candidate rows merged into receipt 31682677203,1308,1308,1308,1308,1308,1308,31682677203,31663728938
188,research-mfl-classification-roster-bridge-shard-68-31663728938,9167651715,included_in_verified_cache_batch,source-backed candidate rows merged into receipt 31682677203,449,449,449,449,449,449,31682677203,31663728938
189,research-mfl-classification-roster-bridge-shard-69-31663728938,9167677010,included_in_verified_cache_batch,source-backed candidate rows merged into receipt 31682677203,965,952,952,952,965,952,31682677203,31663728938
190,research-mfl-classification-roster-bridge-shard-7-31663728938,9167200469,included_in_verified_cache_batch,source-backed candidate rows merged into receipt 31682677203,1948,1948,1948,1948,1948,1948,31682677203,31663728938
191,research-mfl-classification-roster-bridge-shard-70-31663728938,9167705780,included_in_verified_cache_batch,source-backed candidate rows merged into receipt 31682677203,1950,1950,1950,1950,1950,1950,31682677203,31663728938
192,research-mfl-classification-roster-bridge-shard-71-31663728938,9167724701,included_in_verified_cache_batch,source-backed candidate rows merged into receipt 31682677203,768,768,768,768,768,768,31682677203,31663728938
193,research-mfl-classification-roster-bridge-shard-72-31663728938,9167712114,included_in_verified_cache_batch,source-backed candidate rows merged into receipt 31682677203,1593,1593,1593,1593,1593,1593,31682677203,31663728938
194,research-mfl-classification-roster-bridge-shard-73-31663728938,9167731843,included_in_verified_cache_batch,source-backed candidate rows merged into receipt 31682677203,774,774,774,774,774,774,31682677203,31663728938
195,research-mfl-classification-roster-bridge-shard-74-31663728938,9167780491,included_in_verified_cache_batch,source-backed candidate rows merged into receipt 31682677203,712,712,712,712,712,712,31682677203,31663728938
196,research-mfl-classification-roster-bridge-shard-75-31663728938,9167768416,included_in_verified_cache_batch,source-backed candidate rows merged into receipt 31682677203,1457,1457,1457,1457,1457,1457,31682677203,31663728938
197,research-mfl-classification-roster-bridge-shard-76-31663728938,9167776918,included_in_verified_cache_batch,source-backed candidate rows merged into receipt 31682677203,943,943,943,943,943,943,31682677203,31663728938
198,research-mfl-classification-roster-bridge-shard-77-31663728938,9167796484,included_in_verified_cache_batch,source-backed candidate rows merged into receipt 31682677203,1867,1854,1854,1854,1841,1854,31682677203,31663728938
199,research-mfl-classification-roster-bridge-shard-78-31663728938,9167842937,included_in_verified_cache_batch,source-backed candidate rows merged into receipt 31682677203,1751,1751,1751,1751,1751,1751,31682677203,31663728938
200,research-mfl-classification-roster-bridge-shard-79-31663728938,9167844295,included_in_verified_cache_batch,source-backed candidate rows merged into receipt 31682677203,1314,1314,1314,1314,1314,1314,31682677203,31663728938
201,research-mfl-classification-roster-bridge-shard-80-31663728938,9167844551,included_in_verified_cache_batch,source-backed candidate rows merged into receipt 31682677203,1542,1542,1542,1542,1542,1542,31682677203,31663728938
202,research-mfl-classification-roster-bridge-shard-81-31663728938,9167851306,included_in_verified_cache_batch,source-backed candidate rows merged into receipt 31682677203,1125,1125,1125,1125,1125,1125,31682677203,31663728938
203,research-mfl-classification-roster-bridge-shard-82-31663728938,9167903319,included_in_verified_cache_batch,source-backed candidate rows merged into receipt 31682677203,1124,1124,1124,1124,1124,1124,31682677203,31663728938
204,research-mfl-classification-roster-bridge-shard-83-31663728938,9167925123,included_in_verified_cache_batch,source-backed candidate rows merged into receipt 31682677203,1087,1087,1087,1087,1087,1087,31682677203,31663728938
205,research-mfl-classification-roster-bridge-shard-84-31663728938,9167919800,included_in_verified_cache_batch,source-backed candidate rows merged into receipt 31682677203,1993,1993,1993,1993,1993,1993,31682677203,31663728938
206,research-mfl-classification-roster-bridge-shard-85-31663728938,9167933339,included_in_verified_cache_batch,source-backed candidate rows merged into receipt 31682677203,1134,1134,1134,1134,1134,1134,31682677203,31663728938
207,research-mfl-classification-roster-bridge-shard-86-31663728938,9167929972,included_in_verified_cache_batch,source-backed candidate rows merged into receipt 31682677203,1611,1611,1611,1611,1611,1611,31682677203,31663728938
208,research-mfl-classification-roster-bridge-shard-87-31663728938,9167945512,included_in_verified_cache_batch,source-backed candidate rows merged into receipt 31682677203,585,585,585,585,585,585,31682677203,31663728938
209,research-mfl-classification-roster-bridge-shard-88-31663728938,9167964082,included_in_verified_cache_batch,source-backed candidate rows merged into receipt 31682677203,1627,1627,1627,1627,1627,1627,31682677203,31663728938
210,research-mfl-classification-roster-bridge-shard-89-31663728938,9167959954,included_in_verified_cache_batch,source-backed candidate rows merged into receipt 31682677203,486,486,486,486,486,486,31682677203,31663728938
211,research-mfl-classification-roster-bridge-shard-90-31663728938,9167985227,included_in_verified_cache_batch,source-backed candidate rows merged into receipt 31682677203,1081,1081,1081,1081,1081,1081,31682677203,31663728938
212,research-mfl-classification-roster-bridge-shard-91-31663728938,9168035415,included_in_verified_cache_batch,source-backed candidate rows merged into receipt 31682677203,688,688,688,688,688,688,31682677203,31663728938
,research-mfl-classification-roster-bridge-shard-92-31663728938,9167991879,source_diagnostic_only,archive lacks team_signals.parquet and player_bridge.parquet,0,0,0,0,0,0,31682677203,31663728938
213,research-mfl-classification-roster-bridge-shard-93-31663728938,9168023467,included_in_verified_cache_batch,source-backed candidate rows merged into receipt 31682677203,1158,1158,1158,1158,1158,1158,31682677203,31663728938
214,research-mfl-classification-roster-bridge-shard-94-31663728938,9168044869,included_in_verified_cache_batch,source-backed candidate rows merged into receipt 31682677203,3021,2986,2986,3021,2986,3021,31682677203,31663728938
215,research-mfl-classification-roster-bridge-shard-95-31663728938,9168063509,included_in_verified_cache_batch,source-backed candidate rows merged into receipt 31682677203,881,881,881,881,881,881,31682677203,31663728938
216,research-mfl-classification-roster-bridge-shard-96-31663728938,9168068963,included_in_verified_cache_batch,source-backed candidate rows merged into receipt 31682677203,642,642,642,642,642,642,31682677203,31663728938
217,research-mfl-classification-roster-bridge-shard-97-31663728938,9168102123,included_in_verified_cache_batch,source-backed candidate rows merged into receipt 31682677203,993,993,993,993,993,993,31682677203,31663728938
218,research-mfl-classification-roster-bridge-shard-98-31663728938,9168083884,included_in_verified_cache_batch,source-backed candidate rows merged into receipt 31682677203,971,971,971,971,971,971,31682677203,31663728938
219,research-mfl-classification-roster-bridge-shard-99-31663728938,9168109988,included_in_verified_cache_batch,source-backed candidate rows merged into receipt 31682677203,2089,2089,2089,2089,2089,2089,31682677203,31663728938
